{"cameraMode":{"drawMode":1,"name":"Wireframe","section":"Shading Mode"},"sceneLighting":false,"audioPlay":false,"sceneViewState":{"showFog":true,"showMaterialUpdate":false,"showSkybox":false,"showFlares":true,"showImageEffects":true,"showParticleSystems":true},"in2DMode":false,"pivot":{"x":0.5602906942367554,"y":-2.9802322387695315e-8,"z":0.0},"rotation":{"x":-0.007887856103479863,"y":0.9115766882896423,"z":-0.41070911288261416,"w":-0.017502829432487489},"size":0.6626597046852112,"orthographic":false}