{"cameraMode":{"drawMode":0,"name":"Shaded","section":"Shading Mode"},"sceneLighting":true,"audioPlay":false,"sceneViewState":{"showFog":true,"showMaterialUpdate":false,"showSkybox":true,"showFlares":true,"showImageEffects":true,"showParticleSystems":true},"in2DMode":false,"pivot":{"x":6.640254020690918,"y":6.811405181884766,"z":-5.499786376953125},"rotation":{"x":0.2767055332660675,"y":-0.5062535405158997,"z":0.17563584446907044,"w":0.7977280616760254},"size":16.924470901489259,"orthographic":true}