{"cameraMode":{"drawMode":0,"name":"Shaded","section":"Shading Mode"},"sceneLighting":false,"audioPlay":false,"sceneViewState":{"showFog":true,"showMaterialUpdate":false,"showSkybox":false,"showFlares":true,"showImageEffects":true,"showParticleSystems":true},"in2DMode":false,"pivot":{"x":0.0,"y":0.9999999403953552,"z":-0.4397093653678894},"rotation":{"x":0.24862287938594819,"y":-0.031956881284713748,"z":0.00820753164589405,"w":0.9680385589599609},"size":1.2224526405334473,"orthographic":true}