{"cameraMode":{"drawMode":0,"name":"Shaded","section":"Shading Mode"},"sceneLighting":false,"audioPlay":false,"sceneViewState":{"showFog":true,"showMaterialUpdate":false,"showSkybox":false,"showFlares":true,"showImageEffects":true,"showParticleSystems":true},"in2DMode":false,"pivot":{"x":-0.0025757402181625368,"y":1.5199999809265137,"z":0.34343117475509646},"rotation":{"x":0.47534072399139407,"y":0.0395657904446125,"z":-0.02140461653470993,"w":0.8786527514457703},"size":0.6722684502601624,"orthographic":true}