{"cameraMode":{"drawMode":0,"name":"Shaded","section":"Shading Mode"},"sceneLighting":false,"audioPlay":false,"sceneViewState":{"showFog":true,"showMaterialUpdate":false,"showSkybox":false,"showFlares":true,"showImageEffects":true,"showParticleSystems":true},"in2DMode":false,"pivot":{"x":-0.48125043511390688,"y":0.24375009536743165,"z":1.7937489748001099},"rotation":{"x":0.19369176030158997,"y":-0.6493417024612427,"z":0.1761488914489746,"w":0.7140102386474609},"size":2.035649061203003,"orthographic":true}